user_id,user_name,user_role,user_email,user_phone_number
USR-0001,Anthony Davis MD,Admin,nealkatrina@example.com,7446447652
USR-0002,Jeff Valdez,Admin,irichardson@example.org,7345080301
USR-0003,Michelle Finley,Student,brandonkhan@example.net,9994233805
USR-0004,Gary Davila,Student,kimberly45@example.net,6731151116
USR-0005,Gregory Pratt,Student,morrisonerin@example.org,8353442034
USR-0006,Joshua Leach,Student,timothymason@example.org,9007377962
USR-0007,David Grant,Admin,charris@example.org,7309446331
USR-0008,Amanda Andrews,Admin,anthonymurphy@example.org,9085804897
USR-0009,Jill Murphy,Student,ashleyblack@example.org,9870039607
USR-0010,Matthew Clements,Student,jasongoodwin@example.com,6669446011
USR-0011,Jonathan Walton,Student,kdurham@example.org,6583277142
USR-0012,Karen Hall,Admin,james13@example.com,7063823226
USR-0013,Amy Durham,Student,martinezjohn@example.org,9764601014
USR-0014,Antonio Thompson,Student,barbara53@example.com,7069777815
USR-0015,Kenneth Myers,Admin,todd19@example.com,7879017595
USR-0016,Mary Caldwell,Student,drasmussen@example.com,7890241670
USR-0017,Justin Skinner,Student,franklindaniel@example.net,8898379229
USR-0018,Travis Gillespie,Student,kayla51@example.com,8708776306
USR-0019,Jennifer Lane,Student,marvin88@example.net,7971319628
USR-0020,Kyle Green,Student,kimberly90@example.com,8285500113
USR-0021,Susan Sanders,Student,jessicahernandez@example.net,8564194486
USR-0022,Johnathan Campos,Admin,tjohnson@example.org,9229947025
USR-0023,Jordan Orozco,Student,markcurtis@example.net,8003233039
USR-0024,Denise May,Student,kingsamantha@example.com,6242028132
USR-0025,Steven Burns,Admin,lucas17@example.net,6058742287
USR-0026,Jeffrey Coffey MD,Admin,andrew26@example.com,6501876318
USR-0027,Jacob Steele,Admin,buckjoanna@example.net,8272489865
USR-0028,Mark Davis,Student,michaelhernandez@example.org,7762985118
USR-0029,Donald Moore,Student,loriharris@example.net,7634758409
USR-0030,Matthew Johnston,Student,wrightmichael@example.net,7127619644
USR-0031,Danielle Fisher,Admin,carpentershelley@example.com,9557026127
USR-0032,David Sims,Student,leahjohnson@example.com,6740784331
USR-0033,Heather Dean,Admin,lori39@example.net,9314921825
USR-0034,John Kemp,Admin,lisataylor@example.org,9361294286
USR-0035,Heather Kim,Student,gentryjames@example.org,7692288636
USR-0036,Eric Richardson Jr.,Admin,diazjoseph@example.com,9109285198
USR-0037,Kimberly Garcia,Student,fprice@example.net,8415216573
USR-0038,Jill Young,Student,carrcatherine@example.net,7589747978
USR-0039,Andrew James,Student,singhdavid@example.org,8899556969
USR-0040,Raymond Rivera,Admin,javier77@example.net,8429351536
USR-0041,Pamela Fernandez,Admin,traceygraham@example.com,7858812489
USR-0042,Richard Hayes,Admin,powelljames@example.com,9782864929
USR-0043,Joshua Brennan,Student,castillosarah@example.net,9631560579
USR-0044,Nancy Crawford,Student,shaunperez@example.com,9454594369
USR-0045,Lisa Hoffman,Student,james74@example.org,6289371601
USR-0046,Cassandra Salas,Student,ochoamichelle@example.org,8053417335
USR-0047,Angela Henderson,Admin,youngjerry@example.net,7197172214
USR-0048,Joy Hernandez,Admin,beckerbrent@example.com,6286881073
USR-0049,Rachel Walker,Student,conradkevin@example.com,6128601539
USR-0050,Larry Chavez,Admin,kylehoward@example.org,9736752099
USR-0051,Katherine Dixon,Admin,carrollnatalie@example.org,8311520465
USR-0052,Matthew Martinez,Student,diane32@example.net,6306192894
USR-0053,Julie Chambers,Admin,mguzman@example.net,8953082335
USR-0054,Jamie Jordan,Student,lopezadam@example.org,6715004244
USR-0055,Barbara Lewis,Student,ashley73@example.com,6349112943
USR-0056,Sean Smith,Admin,stephaniemyers@example.com,6207416790
USR-0057,Jeffrey Bailey,Student,enelson@example.org,9361876704
USR-0058,Jesse Gonzales,Student,perezjohn@example.org,8776157509
USR-0059,Victoria Logan,Admin,revans@example.com,6255012495
USR-0060,Ryan Jimenez,Admin,jacksoncody@example.org,9220939095
USR-0061,Cynthia Curry,Admin,smithsamantha@example.net,9128193612
USR-0062,Jamie Howell,Student,mcclurelinda@example.org,8476323469
USR-0063,Michael Hughes,Student,brayjames@example.net,9227579721
USR-0064,Alexa Sandoval,Student,nancyphillips@example.com,7329600269
USR-0065,Robert Rivera,Student,ramseyandrew@example.com,9909626561
USR-0066,Steven Solomon,Student,ashleymichael@example.com,6458907529
USR-0067,Robert Booker,Admin,jacksonchristy@example.net,9257899497
USR-0068,Stacy Cabrera,Student,wclark@example.net,6107271206
USR-0069,Joshua Cruz,Student,patricia41@example.com,9493271737
USR-0070,Sandra Mclaughlin,Student,jbrown@example.net,8062495465
USR-0071,Erica Blankenship,Admin,valerie94@example.com,6424161096
USR-0072,Sean Hale,Admin,laura59@example.com,9712251062
USR-0073,Megan Gomez,Student,christina25@example.net,8019862717
USR-0074,Pamela Arnold,Admin,ndavis@example.org,7657916527
USR-0075,Tracie Jones,Student,gibsonjessica@example.com,6076841655
USR-0076,Thomas Macias,Student,deanna03@example.com,6738783152
USR-0077,Mr. Dustin Miller,Admin,sharonmorris@example.com,9956622011
USR-0078,Amanda Lopez,Student,susan52@example.com,8383366414
USR-0079,Thomas Walker,Student,brianpaul@example.org,7814208072
USR-0080,Daniel Richardson,Admin,david10@example.com,7250557279
USR-0081,Kim Dorsey,Admin,daltontyler@example.com,9863976523
USR-0082,Gary Ellis PhD,Student,diane90@example.org,9000735612
USR-0083,Kevin Peters,Student,ryan22@example.com,8287905649
USR-0084,Joshua Holmes,Student,tammywilliams@example.org,7614106466
USR-0085,Mrs. Cynthia Ramos,Student,keith19@example.com,7921735828
USR-0086,Linda Garcia,Admin,carterjordan@example.net,6151098206
USR-0087,William Powell,Student,seth62@example.net,7289389601
USR-0088,Mr. Thomas Davis Jr.,Admin,deannamatthews@example.com,6949657390
USR-0089,Luis Mason,Student,fhaynes@example.com,6776106021
USR-0090,Tamara Allen,Admin,daniellin@example.com,7867503547
USR-0091,Elizabeth Vargas,Student,jennifer86@example.net,7657912548
USR-0092,Carolyn Taylor,Student,chart@example.net,6209924867
USR-0093,William Chavez,Admin,jacob26@example.net,7648204509
USR-0094,James Brown,Admin,zrogers@example.com,7291989959
USR-0095,Catherine Faulkner,Student,logan00@example.org,7859263843
USR-0096,Tiffany Miller,Student,madisonowen@example.com,9624865749
USR-0097,Katherine Graham,Admin,mccarthykaren@example.org,8806537576
USR-0098,Brendan White,Admin,pschmidt@example.org,9635669826
USR-0099,Mark Hutchinson,Admin,melinda84@example.org,7154488008
USR-0100,Maureen Vargas,Admin,kdonovan@example.org,9205058160
USR-0101,Debra Golden MD,Student,bgarcia@example.net,9220433615
USR-0102,Erica Simmons,Admin,hardyjames@example.org,6873561477
USR-0103,Kristin Wilson,Student,rebekahrodriguez@example.net,9583039315
USR-0104,Nicole Bradley,Admin,margaret84@example.net,8301216959
USR-0105,Christopher Gilbert,Student,jwang@example.com,8775870928
USR-0106,Alexa Ellis,Student,dcallahan@example.net,6202707224
USR-0107,Dawn Clayton,Student,smartin@example.net,8955582033
USR-0108,Thomas Nielsen,Student,morgan32@example.com,6268228331
USR-0109,Kathryn Aguirre,Student,brittany09@example.org,8902534504
USR-0110,Deanna Suarez MD,Admin,vmeza@example.org,8032186561
USR-0111,Victoria Williams,Student,jfuentes@example.org,8936505012
USR-0112,Douglas Martinez,Student,apacheco@example.org,6771525843
USR-0113,Maria Hebert,Student,marthastevens@example.com,9264435243
USR-0114,Frances Simmons,Admin,amberwilliams@example.org,6725791445
USR-0115,Jodi Sharp,Student,woodskaitlyn@example.com,6508039832
USR-0116,Angela Smith,Student,walterbutler@example.com,9874172450
USR-0117,Victor Blackburn,Student,amymiranda@example.com,8923063474
USR-0118,Mary Jones,Student,illoyd@example.net,7156186090
USR-0119,Jose Little,Admin,bpeters@example.org,7650001245
USR-0120,Alexander Lara,Student,mackenzie77@example.org,7251960640
USR-0121,Michael Harris,Student,tjones@example.com,7946291666
USR-0122,Eric White,Admin,rprince@example.net,9068675611
USR-0123,Rachel Riley,Student,ggood@example.net,9547498261
USR-0124,Steven Wright,Student,kyle76@example.net,9345232767
USR-0125,Dustin Murray,Admin,joshuajohnson@example.org,8641571881
USR-0126,Amanda Cohen,Admin,chambersrichard@example.org,7666354448
USR-0127,Diana Jackson,Student,ronald26@example.com,8374778437
USR-0128,Brian Turner,Admin,stephanie29@example.net,8712482813
USR-0129,Jessica Daniels,Student,margaret95@example.com,7795640395
USR-0130,Gloria Shields,Admin,adamsmonica@example.com,7418783382
USR-0131,Sherri Nguyen,Student,kimberlyortiz@example.org,8306000174
USR-0132,Mary Mcintyre,Student,bcaldwell@example.org,7480520843
USR-0133,Chad Jones,Admin,msolomon@example.org,6435614573
USR-0134,Michael Meyer,Admin,ericjohnson@example.org,7093936230
USR-0135,Elizabeth Robertson,Student,robertperry@example.com,7726262284
USR-0136,Justin Gordon,Student,lauren43@example.org,7465508988
USR-0137,Victoria Perry,Student,lgentry@example.com,9471287753
USR-0138,Brandy Webb,Student,weeksnichole@example.org,6360303502
USR-0139,Robert Torres,Student,sullivanrichard@example.net,9133854517
USR-0140,Rebekah Thomas,Student,yjones@example.com,7435543517
USR-0141,Travis Owens,Student,craig63@example.com,6345670980
USR-0142,Emily Frazier,Student,sparkslinda@example.com,8052921636
USR-0143,Andrew Arnold,Student,kathyvillarreal@example.net,6768651255
USR-0144,Mr. Charles Horton DVM,Student,xjohnson@example.net,7370060763
USR-0145,Russell Crawford,Student,zhays@example.com,6802930009
USR-0146,Kenneth Peters,Student,vanessasullivan@example.org,9953491723
USR-0147,Bryan Dyer,Student,hooperchristine@example.org,9065254661
USR-0148,Ashley Perez,Admin,paulaschmidt@example.com,8426577049
USR-0149,Donna Smith,Student,hallmariah@example.com,7797486351
USR-0150,Amy Huynh,Admin,megan12@example.com,6664986979
USR-0151,Amber Lee,Admin,gcollins@example.org,6278778068
USR-0152,Julie Myers,Student,rjackson@example.com,8925462881
USR-0153,Michael Cain,Admin,catherine65@example.com,9860484697
USR-0154,Sharon Bell,Admin,roberttucker@example.org,6462087608
USR-0155,James Mccullough,Student,teresa13@example.org,8108013173
USR-0156,Anthony Miller,Admin,thawkins@example.org,9092099933
USR-0157,Danielle Walton,Student,erica14@example.org,8977900915
USR-0158,Kimberly Davis,Student,rodom@example.net,8135574673
USR-0159,Allison Hamilton,Admin,xstewart@example.org,8332460728
USR-0160,Kimberly Harrison,Admin,clarkshannon@example.org,8213854487
USR-0161,Randy Tyler,Student,rachel37@example.net,7285619016
USR-0162,Sherri Pugh,Admin,thompsonandrew@example.org,7212654660
USR-0163,Martin Ferguson,Student,jamestimothy@example.org,7151525947
USR-0164,Anthony Everett,Student,stevenrobinson@example.com,6451655820
USR-0165,Heidi Payne,Student,nperez@example.com,6176874946
USR-0166,Evan Reynolds,Student,patrickwilliams@example.org,7616298747
USR-0167,Kayla Shepard,Student,margaretjames@example.com,8446830089
USR-0168,Paul Trujillo,Student,willismichael@example.net,8272357179
USR-0169,Christian Rodriguez,Student,vgraham@example.net,8799586729
USR-0170,Melody Owens,Admin,irodriguez@example.com,9588374154
USR-0171,Jennifer Alvarez,Admin,jonesnatalie@example.org,9770328609
USR-0172,Tristan Ramirez,Admin,mwillis@example.com,9737854754
USR-0173,Michael Smith,Student,elizabeth53@example.net,6159216171
USR-0174,Joseph Brown,Student,marksmargaret@example.com,6944121501
USR-0175,Rhonda Torres,Student,anthony95@example.org,8725332772
USR-0176,Rebecca Rice,Student,dsimmons@example.org,7532496437
USR-0177,Nicole Gonzalez,Student,nhernandez@example.com,9214021612
USR-0178,Melissa Daugherty,Admin,fjohnson@example.net,7584359181
USR-0179,Heather Peterson,Admin,dstewart@example.com,9563941790
USR-0180,Colleen Nelson,Student,hoffmankyle@example.net,7385809062
USR-0181,Susan Williams,Student,davisaaron@example.com,8603301446
USR-0182,Kimberly Jones,Student,reynoldslori@example.org,6655672807
USR-0183,Amy Stuart,Admin,orramy@example.org,8172418850
USR-0184,Natalie Garza,Student,john96@example.com,6926113465
USR-0185,Tabitha Jackson,Student,zlucas@example.com,8661936375
USR-0186,Brenda Jackson,Admin,huntjeffrey@example.net,9397177802
USR-0187,Timothy Callahan,Admin,traci49@example.org,8498934680
USR-0188,Melissa Wood,Student,david96@example.net,8228087458
USR-0189,Andrew Jefferson,Admin,blopez@example.net,6930473672
USR-0190,Rachel Walker,Admin,alicia74@example.com,6812106935
USR-0191,Jimmy Robinson,Admin,afernandez@example.org,8070950059
USR-0192,Jenna Richardson,Admin,brooksjasmine@example.net,6089574114
USR-0193,Jennifer Mckinney,Admin,nmorris@example.net,9506630187
USR-0194,Ryan Kerr,Admin,aallen@example.net,6935130009
USR-0195,Amanda Myers,Admin,tbright@example.net,8675511674
USR-0196,Jenna Beasley,Admin,traceymartinez@example.net,9156278957
USR-0197,Daniel Cruz MD,Student,jtravis@example.com,8655540054
USR-0198,Ashlee Herman,Admin,kgillespie@example.net,9890966839
USR-0199,Joseph Molina,Student,rileypitts@example.org,6920994839
USR-0200,Jason Phelps,Student,meltoncynthia@example.net,6189829495
