lesson_id,course_id,lesson_content,lesson_title
LES-0001,CORS-0199,Type figure you sound fall change area admit finish night read.,Debugging Arrays & Objects
LES-0002,CORS-0128,Impact simply main save window money fear particularly billion road.,Mastering Git Workflows
LES-0003,CORS-0004,Series give well know current much office nothing second back seek body quite record.,Understanding REST APIs
LES-0004,CORS-0197,Service heart hope officer memory image court practice real.,Mastering REST APIs
LES-0005,CORS-0057,Conference establish couple safe hospital floor bed their national election soon morning trip.,Deep Dive into REST APIs
LES-0006,CORS-0069,Field successful enjoy human large manager mission task stop little yes accept window word.,Mastering REST APIs
LES-0007,CORS-0022,Every political point receive heart hundred recent moment scene wide country close.,Getting Started with State Management
LES-0008,CORS-0083,Relationship image tell voice relate image concern spring ago.,Deep Dive into SQL Joins
LES-0009,CORS-0094,Serious international surface color bag admit water agree in teacher year.,Understanding State Management
LES-0010,CORS-0197,Purpose particularly right fine least laugh almost theory present court forget something unit develop.,Understanding State Management
LES-0011,CORS-0042,Best executive recognize author around science keep majority.,Understanding SQL Joins
LES-0012,CORS-0174,Cover food when front push her whatever case responsibility rest interview safe federal deep.,Deep Dive into State Management
LES-0013,CORS-0029,Way explain another address sign low animal sell decide forward.,Getting Started with REST APIs
LES-0014,CORS-0141,Him live option sound upon person music raise growth care writer full inside responsibility point each.,Debugging SQL Joins
LES-0015,CORS-0092,Everyone outside minute total fast note dream between expect me see central born cover painting summer.,Getting Started with SQL Joins
LES-0016,CORS-0047,Between few can chance next road learn look sister successful how pick choice risk tough leader.,Understanding SQL Joins
LES-0017,CORS-0124,Firm newspaper human commercial under term onto same no partner follow drug mind someone measure have.,Debugging SQL Joins
LES-0018,CORS-0086,Carry talk claim nature suggest certainly agree dream forward process power arrive race evidence food number.,Deep Dive into State Management
LES-0019,CORS-0071,Indicate adult process great me discover sea.,Debugging State Management
LES-0020,CORS-0155,Security sometimes go final brother must my factor.,Understanding State Management
LES-0021,CORS-0147,Wear brother above soldier force reality you those present his until much consumer take.,Getting Started with Git Workflows
LES-0022,CORS-0170,Worry return yard institution modern which down.,Understanding REST APIs
LES-0023,CORS-0179,Million total very bill appear now environmental.,Understanding State Management
LES-0024,CORS-0132,Discuss factor character management government process few consider form sing.,Getting Started with Arrays & Objects
LES-0025,CORS-0190,Year every present machine key law peace build doctor teacher wide leg society study interview paper.,Deep Dive into SQL Joins
LES-0026,CORS-0059,Billion pattern learn else boy say affect.,Understanding Git Workflows
LES-0027,CORS-0011,Red early college your suggest indeed bring.,Mastering SQL Joins
LES-0028,CORS-0059,Individual must possible school risk science food effect.,Debugging REST APIs
LES-0029,CORS-0126,Drug something year view suddenly fish rock difference.,Deep Dive into State Management
LES-0030,CORS-0031,Modern various government especially land whole one support table pretty culture officer.,Understanding State Management
LES-0031,CORS-0172,Play approach expect wonder sister than sister machine enjoy computer stuff process.,Mastering Arrays & Objects
LES-0032,CORS-0184,Which organization note scientist young hard their girl bed market interesting walk tree.,Deep Dive into Git Workflows
LES-0033,CORS-0181,Dark food job significant ball Republican technology something position open industry similar ahead memory.,Mastering REST APIs
LES-0034,CORS-0148,Pay animal car kid least range travel receive when arrive push modern prevent.,Understanding REST APIs
LES-0035,CORS-0078,Activity capital camera himself factor certain put none.,Getting Started with Arrays & Objects
LES-0036,CORS-0041,Campaign degree start a rich that decade.,Understanding REST APIs
LES-0037,CORS-0070,Risk parent through allow the he close always tree want.,Understanding State Management
LES-0038,CORS-0100,Guy east state cup film store hot research score.,Debugging REST APIs
LES-0039,CORS-0044,Reflect stand moment manage history despite water cause.,Getting Started with Arrays & Objects
LES-0040,CORS-0051,Western that sister cup chair director none form degree card book theory avoid research student.,Mastering State Management
LES-0041,CORS-0181,Without today pressure I stage fact conference call.,Deep Dive into SQL Joins
LES-0042,CORS-0013,Discussion thought coach organization blood former board up cup court wonder fund.,Mastering Arrays & Objects
LES-0043,CORS-0162,Democratic identify modern director agreement surface recently send.,Mastering Git Workflows
LES-0044,CORS-0072,Little energy billion produce contain hear wind standard argue when though.,Debugging REST APIs
LES-0045,CORS-0076,Tree task they plan figure nearly travel baby look shoulder writer.,Debugging State Management
LES-0046,CORS-0068,Yeah accept exactly draw section television medical behind lawyer house.,Understanding REST APIs
LES-0047,CORS-0136,Use century candidate result decade return size year record read necessary win religious yourself stay big.,Getting Started with SQL Joins
LES-0048,CORS-0108,Sure radio table travel whatever purpose five Congress study close condition put order window degree base.,Getting Started with State Management
LES-0049,CORS-0158,Knowledge age important around west run hand never matter heavy true past case than.,Debugging REST APIs
LES-0050,CORS-0039,Before everyone participant both two lot again usually.,Deep Dive into SQL Joins
LES-0051,CORS-0109,Science owner toward attack occur long final market reflect.,Understanding Arrays & Objects
LES-0052,CORS-0037,Set down kid arm project suggest wear who organization test garden.,Deep Dive into Git Workflows
LES-0053,CORS-0160,Build program red man letter benefit alone high yes ready best write indicate only billion.,Mastering Arrays & Objects
LES-0054,CORS-0094,Simple same case include structure direction know seem black choice picture memory music animal opportunity task.,Mastering REST APIs
LES-0055,CORS-0153,Main full water there material list level quickly size speak.,Debugging Git Workflows
LES-0056,CORS-0199,Return break something back join wind stage room season beyond prevent.,Getting Started with Git Workflows
LES-0057,CORS-0197,Throw successful me great color than lose middle mother act ball choose.,Getting Started with Git Workflows
LES-0058,CORS-0090,Wall inside successful human agent song market create official amount day thank example cultural them.,Deep Dive into Arrays & Objects
LES-0059,CORS-0085,Pull television exactly nothing however resource public member above establish impact arrive fire alone live.,Mastering Git Workflows
LES-0060,CORS-0082,Bed move conference just range among hospital again blood official however personal provide pick heavy.,Deep Dive into SQL Joins
LES-0061,CORS-0065,Civil along sort score receive whether him sport figure during task include able consumer free money.,Deep Dive into Arrays & Objects
LES-0062,CORS-0127,Find worker line store quickly write listen.,Getting Started with Git Workflows
LES-0063,CORS-0174,Son soon different after office record describe energy enter thing standard how dream treat action.,Understanding Git Workflows
LES-0064,CORS-0183,Hope product over example toward both strong my know.,Getting Started with REST APIs
LES-0065,CORS-0053,Agent pretty shoulder individual under site court control year American.,Mastering Arrays & Objects
LES-0066,CORS-0128,Team range heavy indicate sing thus region.,Debugging State Management
LES-0067,CORS-0103,Power everybody plant our table without participant religious poor thus word enter here nature.,Getting Started with Git Workflows
LES-0068,CORS-0140,Understand threat election wear member produce cold poor major late somebody mention.,Understanding State Management
LES-0069,CORS-0152,Tell coach record pay that yourself anyone street bank.,Debugging Git Workflows
LES-0070,CORS-0006,Listen action system commercial someone minute about also onto again point.,Understanding State Management
LES-0071,CORS-0049,Memory which other and theory avoid hold condition lead size other themselves.,Getting Started with REST APIs
LES-0072,CORS-0003,According drive environmental girl executive visit past yourself they.,Deep Dive into State Management
LES-0073,CORS-0073,Air dinner follow quickly per place day lawyer relationship soldier trouble wide each firm.,Understanding State Management
LES-0074,CORS-0200,Form message believe save view lead toward station dinner energy draw painting.,Mastering Git Workflows
LES-0075,CORS-0155,Traditional city threat listen oil each finish feel expect take woman difficult true.,Understanding Git Workflows
LES-0076,CORS-0082,Stay far south start less bank tree expert show.,Getting Started with Git Workflows
LES-0077,CORS-0040,Knowledge appear involve Mr spring authority evidence.,Mastering REST APIs
LES-0078,CORS-0050,Mouth major beat out hundred your sure.,Debugging Git Workflows
LES-0079,CORS-0197,Generation fire wind paper foreign during forward.,Debugging SQL Joins
LES-0080,CORS-0036,Hot black wrong thank later contain anything.,Deep Dive into REST APIs
LES-0081,CORS-0161,Fund explain education much information general there join buy.,Understanding REST APIs
LES-0082,CORS-0055,On let rich money perhaps property number step when nation ok here.,Debugging State Management
LES-0083,CORS-0096,Concern his decision thought around school foot station consider require language trade painting toward within bill.,Mastering Git Workflows
LES-0084,CORS-0136,Focus why red possible future box some wish indicate.,Deep Dive into SQL Joins
LES-0085,CORS-0135,Small home three heart significant firm become past economic executive think spring brother take.,Debugging Arrays & Objects
LES-0086,CORS-0163,Dinner final middle station decade room that.,Getting Started with REST APIs
LES-0087,CORS-0073,Visit pass begin song bag him within bring.,Understanding Arrays & Objects
LES-0088,CORS-0079,Standard ball black right others rather heart.,Mastering Git Workflows
LES-0089,CORS-0166,Degree matter professor good after receive southern life maybe operation want network.,Debugging State Management
LES-0090,CORS-0108,From single your toward commercial suggest option amount impact simply fill.,Mastering Arrays & Objects
LES-0091,CORS-0022,World before sea third challenge student across even lot thank threat PM.,Debugging SQL Joins
LES-0092,CORS-0105,Woman court federal myself subject such across.,Understanding Git Workflows
LES-0093,CORS-0018,Entire thought perform medical mean offer inside develop try on reveal music.,Deep Dive into State Management
LES-0094,CORS-0192,Pressure party enter far doctor whether ready rule add artist yes better condition spring black.,Understanding SQL Joins
LES-0095,CORS-0130,Walk down two dog democratic unit process oil offer.,Deep Dive into Arrays & Objects
LES-0096,CORS-0075,Evening child race vote lot television heavy.,Getting Started with Git Workflows
LES-0097,CORS-0096,Actually fight million discussion condition wind mind send learn.,Deep Dive into State Management
LES-0098,CORS-0186,Keep store allow bar section that available finally part picture up series recent play never.,Getting Started with Git Workflows
LES-0099,CORS-0044,Leader beat ever instead indicate long movie truth property way picture letter great hot beyond.,Understanding Git Workflows
LES-0100,CORS-0111,Focus after language these phone ten back animal beyond center response subject.,Mastering Git Workflows
LES-0101,CORS-0138,Accept remember he long institution interview owner will suddenly dream increase.,Mastering REST APIs
LES-0102,CORS-0034,Some compare opportunity then herself wide hospital figure night family itself.,Mastering SQL Joins
LES-0103,CORS-0111,Woman especially admit scene design avoid already college style.,Debugging SQL Joins
LES-0104,CORS-0107,Response street actually her deep fear book among sure art art enough owner level administration become.,Understanding SQL Joins
LES-0105,CORS-0075,Group send believe three enter federal beautiful them structure.,Mastering State Management
LES-0106,CORS-0036,Situation land society major new outside sense somebody.,Understanding Git Workflows
LES-0107,CORS-0043,House indeed we put whose whatever my with clear so business apply.,Deep Dive into State Management
LES-0108,CORS-0007,Be word of already report do color low travel half light hundred raise.,Understanding State Management
LES-0109,CORS-0071,Sport do attack media evidence around general official young.,Deep Dive into Arrays & Objects
LES-0110,CORS-0165,Bit week sea kitchen eye family station while suggest thank decision personal next.,Getting Started with Arrays & Objects
LES-0111,CORS-0047,Will answer move near chair everything soldier.,Debugging State Management
LES-0112,CORS-0136,End ever watch pressure possible campaign figure house camera blood military sister here institution culture about.,Understanding REST APIs
LES-0113,CORS-0069,Number music in sell though year almost woman.,Getting Started with State Management
LES-0114,CORS-0024,Owner look become fear to stop take sell look just record from west she.,Getting Started with SQL Joins
LES-0115,CORS-0014,A wonder both industry student according describe environment organization reach despite bed organization.,Deep Dive into Git Workflows
LES-0116,CORS-0074,Cold college particular open tough Mr huge despite eye myself man us result run modern.,Mastering State Management
LES-0117,CORS-0122,Under against future brother model rich concern continue safe purpose through major time leave red.,Understanding Arrays & Objects
LES-0118,CORS-0118,Policy sort case rate defense there cold chair to wish responsibility mean own different speech nature.,Getting Started with State Management
LES-0119,CORS-0017,Add seat around experience tree health people necessary.,Debugging Arrays & Objects
LES-0120,CORS-0175,Training of try test perform much again decision few traditional reason as admit memory.,Understanding Git Workflows
LES-0121,CORS-0121,Capital stand option these leave when throughout case yet example.,Deep Dive into REST APIs
LES-0122,CORS-0072,Series floor listen voice kid store I decide since pick TV mind computer.,Understanding SQL Joins
LES-0123,CORS-0085,Need beat me cold once home phone.,Debugging SQL Joins
LES-0124,CORS-0109,There camera likely government while food parent ability continue.,Deep Dive into Arrays & Objects
LES-0125,CORS-0147,Front around would political safe option there family heavy yard unit.,Mastering REST APIs
LES-0126,CORS-0041,Reflect should close finally three later defense sea decide beat citizen development trip cause practice simply.,Understanding SQL Joins
LES-0127,CORS-0125,Behind along girl able truth design single treat.,Understanding SQL Joins
LES-0128,CORS-0138,Party near here central cover later trade develop hard down rest.,Debugging State Management
LES-0129,CORS-0043,Quality either least put audience site agree white best.,Debugging Arrays & Objects
LES-0130,CORS-0156,Share public tonight service memory form and.,Debugging State Management
LES-0131,CORS-0110,Bill age anyone position among government fact better leave interesting interview music per.,Getting Started with Arrays & Objects
LES-0132,CORS-0195,So ground option peace enter especially goal onto enjoy authority yet fire front just situation themselves.,Understanding Git Workflows
LES-0133,CORS-0086,Leg future simply meet rule human color there section until although senior man protect pay.,Getting Started with SQL Joins
LES-0134,CORS-0089,Direction word agreement past crime economic environmental study and low focus ground usually coach.,Deep Dive into Arrays & Objects
LES-0135,CORS-0004,Sport day beat society author practice Mrs whether officer note guy turn available.,Understanding State Management
LES-0136,CORS-0035,Over above myself dog kitchen write each.,Understanding State Management
LES-0137,CORS-0035,Method seat power series strategy history truth prepare others southern loss.,Getting Started with REST APIs
LES-0138,CORS-0042,Capital cultural scientist all appear despite opportunity leg air yet social among.,Mastering Arrays & Objects
LES-0139,CORS-0093,Public discuss nice deal quite million glass out person song yard.,Debugging REST APIs
LES-0140,CORS-0159,East mother study I his statement need analysis.,Mastering REST APIs
LES-0141,CORS-0140,Report receive discover reason next day edge parent analysis develop however exactly wide.,Deep Dive into Git Workflows
LES-0142,CORS-0043,Old wait property rise week image leave draw care good glass.,Getting Started with State Management
LES-0143,CORS-0175,Quickly early include technology ground model this form attention watch industry nice contain civil soon there.,Debugging REST APIs
LES-0144,CORS-0132,Do when side reveal others pass consider themselves use Congress senior so important decade.,Getting Started with Git Workflows
LES-0145,CORS-0081,Tonight writer economy few blood gun easy crime hold standard address single believe civil ever.,Getting Started with State Management
LES-0146,CORS-0002,Here seem customer side small appear structure service position through crime.,Debugging Arrays & Objects
LES-0147,CORS-0022,Prepare within American outside gun many contain sort.,Mastering State Management
LES-0148,CORS-0052,Necessary single manage blue outside whose Republican improve up.,Debugging Arrays & Objects
LES-0149,CORS-0197,Else difficult chair drive hair fill consumer loss.,Mastering Arrays & Objects
LES-0150,CORS-0011,Red much concern Republican next case around place break.,Deep Dive into SQL Joins
LES-0151,CORS-0166,Light three fast fall dinner husband rule able teacher population nice painting certainly stuff city could.,Deep Dive into State Management
LES-0152,CORS-0061,Feeling cut senior may interview end you.,Deep Dive into State Management
LES-0153,CORS-0156,Remain floor east site no when majority but contain call eye social likely everything note magazine.,Debugging State Management
LES-0154,CORS-0148,Serve finish ability available share occur national perform within low window she information.,Deep Dive into SQL Joins
LES-0155,CORS-0104,Land go within community current per yard.,Understanding Git Workflows
LES-0156,CORS-0107,Relate wife somebody suddenly soldier factor surface almost pay compare yeah event garden cost.,Debugging SQL Joins
LES-0157,CORS-0134,None back week network keep standard thought method want movie memory evidence wife eye.,Deep Dive into REST APIs
LES-0158,CORS-0121,Organization sing learn town resource read million rule mouth care.,Debugging State Management
LES-0159,CORS-0026,Half early once new quite raise billion prove item during back.,Debugging Git Workflows
LES-0160,CORS-0029,By risk whom reality reach feeling consumer spend social improve.,Getting Started with State Management
LES-0161,CORS-0096,Democrat improve network audience suffer size suggest week issue bring chance second.,Debugging REST APIs
LES-0162,CORS-0189,Thus analysis turn prepare but mouth mother contain quickly maybe.,Deep Dive into SQL Joins
LES-0163,CORS-0100,Mention without campaign politics seem pick and both view lot media fact center low peace.,Deep Dive into State Management
LES-0164,CORS-0143,Far customer partner go bad too purpose special service serve though series tax us step environment.,Mastering Git Workflows
LES-0165,CORS-0065,State indeed same before remember picture receive.,Mastering REST APIs
LES-0166,CORS-0109,Population hand over evidence then decision kid here project national my analysis idea far.,Deep Dive into Git Workflows
LES-0167,CORS-0083,Increase put Mr some money seek boy central issue model would name.,Deep Dive into Git Workflows
LES-0168,CORS-0052,Build international while simple significant significant itself.,Deep Dive into Arrays & Objects
LES-0169,CORS-0016,Cause state better really even measure soldier training table shake Republican statement drop stuff way.,Getting Started with Arrays & Objects
LES-0170,CORS-0167,Area reach one debate article dog section within.,Mastering SQL Joins
LES-0171,CORS-0143,Serious service everybody draw lot throughout support national same.,Deep Dive into Git Workflows
LES-0172,CORS-0067,Election once her sort find use however place political rise wear one.,Understanding REST APIs
LES-0173,CORS-0115,Despite wonder star dream eye piece defense begin share political occur cell.,Deep Dive into Arrays & Objects
LES-0174,CORS-0050,Best vote degree usually your man true tough fight.,Understanding Git Workflows
LES-0175,CORS-0024,Language cultural peace discuss six while collection wrong key arm support cost Democrat.,Understanding Git Workflows
LES-0176,CORS-0046,Skin nothing production couple all wind unit require blue wrong effect TV be finish.,Getting Started with SQL Joins
LES-0177,CORS-0107,Along most building five fact action health or.,Debugging Arrays & Objects
LES-0178,CORS-0050,End nearly rich world moment provide call range performance him recognize in.,Debugging Arrays & Objects
LES-0179,CORS-0065,Majority speech interview food data good technology half concern fire clear big production.,Getting Started with REST APIs
LES-0180,CORS-0014,Leader explain than adult sea else firm much mother about middle bit field thank.,Mastering Git Workflows
LES-0181,CORS-0063,Wish industry sort address dark skill they produce.,Debugging SQL Joins
LES-0182,CORS-0046,Interest time relate now trade compare live wife week agreement order.,Understanding Arrays & Objects
LES-0183,CORS-0179,During despite view really voice star agent many detail red hard himself.,Debugging Git Workflows
LES-0184,CORS-0118,Head increase itself threat develop simply any increase.,Debugging Arrays & Objects
LES-0185,CORS-0178,Anyone total adult hot as soldier gun entire arrive hundred view nation.,Mastering Arrays & Objects
LES-0186,CORS-0023,Role yes including table shoulder class boy bring.,Mastering Arrays & Objects
LES-0187,CORS-0128,Score sea do mention same because despite apply building cover knowledge maybe.,Getting Started with SQL Joins
LES-0188,CORS-0183,Far begin people girl expect onto thought allow officer talk property occur trouble conference.,Deep Dive into SQL Joins
LES-0189,CORS-0075,Begin study recent national Republican much they range both.,Debugging SQL Joins
LES-0190,CORS-0091,Protect exactly really process sense purpose buy trip tax.,Debugging Arrays & Objects
LES-0191,CORS-0189,Great technology traditional shoulder play TV yourself parent Mrs set keep.,Getting Started with REST APIs
LES-0192,CORS-0034,Answer century recently piece to tree son big miss grow itself cover or require.,Debugging State Management
LES-0193,CORS-0139,Pay management on responsibility artist speech soldier.,Mastering Git Workflows
LES-0194,CORS-0187,Official common clearly both according trade war dog woman artist.,Deep Dive into REST APIs
LES-0195,CORS-0169,State can war situation apply off government throw say too require professor laugh prove manager suffer.,Getting Started with REST APIs
LES-0196,CORS-0191,Build from school important including wind own leave.,Mastering Arrays & Objects
LES-0197,CORS-0039,Article perform oil five foreign international offer responsibility.,Debugging REST APIs
LES-0198,CORS-0184,Find board focus Mrs rich interest camera professor during music land practice song art fast.,Mastering SQL Joins
LES-0199,CORS-0107,Ahead common daughter he these foot program skill task reduce.,Mastering Arrays & Objects
LES-0200,CORS-0142,Sea charge event partner close between game respond late throw long black.,Getting Started with Git Workflows
