user_id,user_name,user_email,user_phone_number,created_at,tenant_id,user_address
USR-00001,Karen Mullins,newtonanthony@example.com,8684378505,2026-06-02 21:50:31,TNT-0102,"{""street"": ""141 Shaun River Apt. 701"", ""city"": ""Port Thomas"", ""state"": ""AS"", ""zipcode"": ""06681""}"
USR-00002,Leslie Cantu,chris10@example.org,7894827702,2026-05-27 14:50:31,TNT-0097,"{""street"": ""6897 Troy Island"", ""city"": ""East Robert"", ""state"": ""MD"", ""zipcode"": ""30876""}"
USR-00003,Natalie Miller,jessicaramirez@example.org,6614156903,2026-05-13 08:50:31,TNT-0150,"{""street"": ""30117 Rachel Meadow Apt. 293"", ""city"": ""West Christy"", ""state"": ""NC"", ""zipcode"": ""46448""}"
USR-00004,Noah Keller,michael39@example.net,8898235837,2026-05-12 04:50:31,TNT-0191,"{""street"": ""8217 Ashley Extensions"", ""city"": ""New Davidberg"", ""state"": ""PW"", ""zipcode"": ""73243""}"
USR-00005,Michael Hicks,martinnicole@example.org,8635420300,2026-05-30 05:50:31,TNT-0172,"{""street"": ""233 Valentine Heights Suite 264"", ""city"": ""Port Feliciaburgh"", ""state"": ""MH"", ""zipcode"": ""50203""}"
USR-00006,Stephanie Griffith,fcross@example.com,8918050993,2026-05-31 13:50:31,TNT-0181,"{""street"": ""67838 Barbara Light Apt. 274"", ""city"": ""Erikahaven"", ""state"": ""MN"", ""zipcode"": ""36903""}"
USR-00007,David Garcia,debra66@example.net,9520523883,2026-05-28 00:50:31,TNT-0198,"{""street"": ""65428 Cooper Springs"", ""city"": ""North Bryan"", ""state"": ""FL"", ""zipcode"": ""58629""}"
USR-00008,Lauren Woods,rebekahjones@example.com,6477441452,2026-05-12 20:50:31,TNT-0131,"{""street"": ""390 Smith Islands Suite 161"", ""city"": ""West Lindsey"", ""state"": ""CT"", ""zipcode"": ""20309""}"
USR-00009,Jeffrey Stokes,shawn68@example.com,6508672927,2026-05-18 05:50:31,TNT-0097,"{""street"": ""260 Laura Street Apt. 618"", ""city"": ""Morrisonburgh"", ""state"": ""MP"", ""zipcode"": ""18796""}"
USR-00010,Jamie Alvarado,daniellemora@example.org,6546473701,2026-05-13 12:50:31,TNT-0155,"{""street"": ""1562 Lamb Lodge"", ""city"": ""Gonzalezfort"", ""state"": ""GA"", ""zipcode"": ""87398""}"
USR-00011,Brian Smith,xrodriguez@example.com,7729758867,2026-05-17 20:50:31,TNT-0094,"{""street"": ""5745 Avery Path"", ""city"": ""Smithville"", ""state"": ""SC"", ""zipcode"": ""42492""}"
USR-00012,Tammy Thompson,edwincarlson@example.org,8240931255,2026-06-01 13:50:31,TNT-0157,"{""street"": ""184 Montgomery Stream Apt. 026"", ""city"": ""Lake Karen"", ""state"": ""NE"", ""zipcode"": ""46100""}"
USR-00013,Scott Prince,christopher42@example.com,7916982223,2026-06-03 02:50:31,TNT-0078,"{""street"": ""71645 Hall Inlet Suite 005"", ""city"": ""Tonihaven"", ""state"": ""CA"", ""zipcode"": ""73760""}"
USR-00014,John Willis,longbrittany@example.org,7571668213,2026-05-29 09:50:31,TNT-0100,"{""street"": ""7440 Thomas Turnpike"", ""city"": ""Bakerland"", ""state"": ""AZ"", ""zipcode"": ""99109""}"
USR-00015,Walter Howard,brownrichard@example.com,8096068236,2026-05-08 20:50:31,TNT-0040,"{""street"": ""874 Vaughn Stravenue"", ""city"": ""South Ronaldview"", ""state"": ""FL"", ""zipcode"": ""31193""}"
USR-00016,Anna Stevens,linda34@example.org,9126494513,2026-06-02 22:50:31,TNT-0024,"{""street"": ""709 Ward Camp"", ""city"": ""Port Brendaview"", ""state"": ""IN"", ""zipcode"": ""72471""}"
USR-00017,Michael Marquez MD,nicholasrhodes@example.org,7630807975,2026-05-25 21:50:31,TNT-0095,"{""street"": ""6256 Graham Path"", ""city"": ""Sawyerview"", ""state"": ""NY"", ""zipcode"": ""11589""}"
USR-00018,David Owens,grace25@example.net,8935768486,2026-05-10 03:50:31,TNT-0099,"{""street"": ""929 Peters Oval Apt. 579"", ""city"": ""Port Abigail"", ""state"": ""VI"", ""zipcode"": ""80370""}"
USR-00019,Mary Hale,christiangilbert@example.org,7099776270,2026-05-12 05:50:31,TNT-0150,"{""street"": ""43207 Oscar Islands Apt. 612"", ""city"": ""Ritashire"", ""state"": ""NE"", ""zipcode"": ""19965""}"
USR-00020,Bradley Murray,veronica16@example.com,7743088345,2026-05-16 02:50:31,TNT-0087,"{""street"": ""707 Vazquez Unions"", ""city"": ""South James"", ""state"": ""ID"", ""zipcode"": ""21711""}"
USR-00021,Justin Lynch,villanuevakelly@example.org,6493128894,2026-05-23 03:50:31,TNT-0061,"{""street"": ""66668 Flores Roads"", ""city"": ""West Sheri"", ""state"": ""AS"", ""zipcode"": ""89616""}"
USR-00022,Dawn Flores,yjordan@example.net,8341084641,2026-05-21 14:50:31,TNT-0051,"{""street"": ""440 Michael Unions"", ""city"": ""Port Cynthia"", ""state"": ""AK"", ""zipcode"": ""73749""}"
USR-00023,Ashley Pugh,darryl44@example.net,9284711007,2026-05-27 00:50:31,TNT-0145,"{""street"": ""7451 Cunningham Burgs Apt. 055"", ""city"": ""Waynetown"", ""state"": ""PR"", ""zipcode"": ""88473""}"
USR-00024,Sharon Roman,aimeeshepard@example.com,8792942111,2026-05-06 01:50:31,TNT-0053,"{""street"": ""91576 John Mission Suite 022"", ""city"": ""North Tyler"", ""state"": ""PR"", ""zipcode"": ""49147""}"
USR-00025,Brandon Wallace,sschmidt@example.net,9842702086,2026-05-17 03:50:31,TNT-0100,"{""street"": ""0225 Powers Ports Apt. 959"", ""city"": ""North Brandonfort"", ""state"": ""VT"", ""zipcode"": ""16076""}"
USR-00026,Nathan Cantu,jamesalexis@example.com,6277568086,2026-05-08 03:50:31,TNT-0159,"{""street"": ""6840 Miles Overpass"", ""city"": ""East Valerieland"", ""state"": ""NE"", ""zipcode"": ""36641""}"
USR-00027,Victoria Carr MD,stewartcynthia@example.org,8621592038,2026-05-24 22:50:31,TNT-0025,"{""street"": ""40262 Mcdaniel Plains Apt. 010"", ""city"": ""Derrickview"", ""state"": ""WV"", ""zipcode"": ""08887""}"
USR-00028,Lisa Beasley,jeremycherry@example.net,6858125930,2026-05-20 07:50:31,TNT-0016,"{""street"": ""58430 Kenneth Hill Apt. 972"", ""city"": ""Lambfurt"", ""state"": ""VT"", ""zipcode"": ""10415""}"
USR-00029,Jennifer Lewis,stephensmith@example.net,6827411142,2026-05-19 18:50:31,TNT-0178,"{""street"": ""1212 Courtney Terrace"", ""city"": ""Christopherview"", ""state"": ""IL"", ""zipcode"": ""88332""}"
USR-00030,David Archer,driley@example.com,9543010576,2026-06-05 09:50:31,TNT-0175,"{""street"": ""776 Wilson Falls Suite 620"", ""city"": ""Millerland"", ""state"": ""CA"", ""zipcode"": ""88665""}"
USR-00031,Linda Ballard,katherine44@example.net,6001270156,2026-05-22 00:50:31,TNT-0027,"{""street"": ""909 Gutierrez Center Suite 075"", ""city"": ""Curtismouth"", ""state"": ""MH"", ""zipcode"": ""11298""}"
USR-00032,Ernest Bishop,todd45@example.net,9888343884,2026-05-15 14:50:31,TNT-0130,"{""street"": ""02378 Brandon Harbor"", ""city"": ""North Alejandro"", ""state"": ""DE"", ""zipcode"": ""45788""}"
USR-00033,Angela Sosa,emilycarr@example.org,9531693030,2026-05-18 10:50:31,TNT-0145,"{""street"": ""138 Kimberly Knoll Suite 748"", ""city"": ""New Megan"", ""state"": ""UT"", ""zipcode"": ""04957""}"
USR-00034,Madison Myers,morganjohn@example.com,6335962743,2026-05-14 04:50:31,TNT-0015,"{""street"": ""9252 Valenzuela Mountains"", ""city"": ""Larsonchester"", ""state"": ""VA"", ""zipcode"": ""18754""}"
USR-00035,Spencer Bautista,zamoraaaron@example.net,6285122416,2026-05-12 19:50:31,TNT-0064,"{""street"": ""45512 Jennifer Shoals Apt. 342"", ""city"": ""Lake Donald"", ""state"": ""KS"", ""zipcode"": ""44430""}"
USR-00036,Jeffery Wall,brandonguerrero@example.org,6301982408,2026-05-11 03:50:31,TNT-0016,"{""street"": ""59190 Bradley Dam Suite 501"", ""city"": ""East Kevin"", ""state"": ""ND"", ""zipcode"": ""70142""}"
USR-00037,Wayne Hurley,lroberts@example.com,8864693673,2026-05-25 15:50:31,TNT-0105,"{""street"": ""350 Pamela Squares Suite 218"", ""city"": ""Morganburgh"", ""state"": ""LA"", ""zipcode"": ""99699""}"
USR-00038,Edward Jones,robertsonkathryn@example.com,6641187610,2026-05-28 17:50:31,TNT-0153,"{""street"": ""4117 Mcintyre Route Suite 235"", ""city"": ""Figueroashire"", ""state"": ""ND"", ""zipcode"": ""15049""}"
USR-00039,William Warner,brandonvasquez@example.com,9875010913,2026-05-23 21:50:31,TNT-0100,"{""street"": ""65902 Mitchell Turnpike"", ""city"": ""Davismouth"", ""state"": ""DC"", ""zipcode"": ""27775""}"
USR-00040,Jennifer Taylor,thompsonchristopher@example.com,8589365001,2026-05-11 13:50:31,TNT-0053,"{""street"": ""6501 Arnold Gardens Suite 686"", ""city"": ""Harrisonburgh"", ""state"": ""FL"", ""zipcode"": ""13223""}"
USR-00041,Dr. Tiffany Wyatt,kimberlymadden@example.net,8426335308,2026-05-09 20:50:31,TNT-0082,"{""street"": ""1441 Johnson Ports"", ""city"": ""Port Tracey"", ""state"": ""CA"", ""zipcode"": ""96742""}"
USR-00042,Adam Kramer,luke28@example.org,9261356656,2026-05-20 10:50:31,TNT-0160,"{""street"": ""5059 Harmon Shores"", ""city"": ""Richardview"", ""state"": ""KS"", ""zipcode"": ""75781""}"
USR-00043,Stephanie Baldwin,linwendy@example.net,7561254527,2026-05-05 17:50:31,TNT-0118,"{""street"": ""8065 Moore Cliff"", ""city"": ""Tanyafurt"", ""state"": ""CT"", ""zipcode"": ""55595""}"
USR-00044,Kelly Long,adrian55@example.com,7571361594,2026-05-15 03:50:31,TNT-0089,"{""street"": ""330 Natasha Inlet"", ""city"": ""Port Lori"", ""state"": ""DC"", ""zipcode"": ""45051""}"
USR-00045,Stephen Aguilar,newmanlisa@example.org,6265833981,2026-05-18 05:50:31,TNT-0157,"{""street"": ""84216 Lowe Squares"", ""city"": ""Wardmouth"", ""state"": ""DE"", ""zipcode"": ""11735""}"
USR-00046,Jonathan Johnson,walkerscott@example.com,6355011733,2026-05-06 23:50:31,TNT-0059,"{""street"": ""971 Mallory Lane"", ""city"": ""Acostachester"", ""state"": ""MT"", ""zipcode"": ""67013""}"
USR-00047,Ryan Mullins,trevorkelly@example.net,9337117070,2026-05-09 03:50:31,TNT-0164,"{""street"": ""174 Erin Mall Apt. 585"", ""city"": ""Billyview"", ""state"": ""GA"", ""zipcode"": ""24805""}"
USR-00048,Stacy Carpenter,obrienkimberly@example.com,6553868488,2026-05-29 13:50:31,TNT-0103,"{""street"": ""675 Bautista Shoal"", ""city"": ""Jamesberg"", ""state"": ""PW"", ""zipcode"": ""14567""}"
USR-00049,Tim Rich,pthomas@example.net,9309389017,2026-05-14 19:50:31,TNT-0138,"{""street"": ""2750 Victoria Brook Suite 654"", ""city"": ""South Anthony"", ""state"": ""FM"", ""zipcode"": ""70916""}"
USR-00050,Lisa Herrera,sarabaker@example.com,8182700318,2026-05-30 02:50:31,TNT-0171,"{""street"": ""724 Carlos River Apt. 984"", ""city"": ""West Bethshire"", ""state"": ""NY"", ""zipcode"": ""93101""}"
USR-00051,Michelle Peterson,pevans@example.net,8190844228,2026-05-23 11:50:31,TNT-0088,"{""street"": ""6581 Julie Creek Suite 181"", ""city"": ""Rachelshire"", ""state"": ""PA"", ""zipcode"": ""30847""}"
USR-00052,Jordan Jones,erica99@example.org,9296565466,2026-05-31 16:50:31,TNT-0194,"{""street"": ""839 Clark Centers"", ""city"": ""Barbaraborough"", ""state"": ""CA"", ""zipcode"": ""81804""}"
USR-00053,Tracy White,bradfordjamie@example.org,8572578129,2026-05-30 08:50:31,TNT-0160,"{""street"": ""4576 Reid Hill Suite 485"", ""city"": ""Maryside"", ""state"": ""PR"", ""zipcode"": ""49918""}"
USR-00054,Robert Hawkins,zachary26@example.org,9269287723,2026-05-25 02:50:31,TNT-0134,"{""street"": ""72037 Devin Inlet Suite 813"", ""city"": ""New Elizabeth"", ""state"": ""DC"", ""zipcode"": ""03509""}"
USR-00055,Ana Wright,samuelmoore@example.com,6181665819,2026-06-05 04:50:31,TNT-0097,"{""street"": ""87397 West Oval Apt. 120"", ""city"": ""Coleborough"", ""state"": ""OR"", ""zipcode"": ""48009""}"
USR-00056,Kathy Sawyer,gochoa@example.com,7798198957,2026-05-13 21:50:31,TNT-0061,"{""street"": ""4859 Simon Meadow Suite 683"", ""city"": ""Ashleyview"", ""state"": ""NC"", ""zipcode"": ""36258""}"
USR-00057,Lori Edwards,jason78@example.net,8224502699,2026-05-10 16:50:31,TNT-0064,"{""street"": ""10545 Rose Hills Apt. 818"", ""city"": ""Cooperside"", ""state"": ""VA"", ""zipcode"": ""81550""}"
USR-00058,Patrick Webb,teresaoneill@example.org,7173489994,2026-05-21 09:50:31,TNT-0185,"{""street"": ""0353 Patricia Curve Apt. 977"", ""city"": ""Perryside"", ""state"": ""CA"", ""zipcode"": ""70907""}"
USR-00059,Linda Owens,gail17@example.org,9241515160,2026-05-25 16:50:31,TNT-0009,"{""street"": ""59489 Cynthia Valley Suite 453"", ""city"": ""Johnsonchester"", ""state"": ""TN"", ""zipcode"": ""38087""}"
USR-00060,William Jones,crawfordnatalie@example.com,8333159857,2026-05-12 23:50:31,TNT-0024,"{""street"": ""2848 Ponce Squares"", ""city"": ""South Regina"", ""state"": ""IL"", ""zipcode"": ""27502""}"
USR-00061,Brian Graham,heatherwang@example.org,8367713680,2026-05-24 18:50:31,TNT-0059,"{""street"": ""38042 Allen Isle Apt. 961"", ""city"": ""Daniellefort"", ""state"": ""MS"", ""zipcode"": ""10530""}"
USR-00062,Isaac Bryan,stewartthomas@example.org,8450913781,2026-05-18 06:50:31,TNT-0134,"{""street"": ""127 Tiffany Streets"", ""city"": ""Lake Brentmouth"", ""state"": ""SC"", ""zipcode"": ""88449""}"
USR-00063,Antonio Reid,kthomas@example.com,8208701513,2026-05-13 15:50:31,TNT-0038,"{""street"": ""3279 Mayo Turnpike Apt. 273"", ""city"": ""Mcguirehaven"", ""state"": ""FL"", ""zipcode"": ""44255""}"
USR-00064,Suzanne Miller,zhansen@example.com,9944570321,2026-05-24 23:50:31,TNT-0011,"{""street"": ""707 Jenkins Lights"", ""city"": ""North Ralph"", ""state"": ""AR"", ""zipcode"": ""76481""}"
USR-00065,Jimmy Craig,john56@example.org,8264570147,2026-05-13 11:50:31,TNT-0080,"{""street"": ""8749 Waller Burg"", ""city"": ""Hillmouth"", ""state"": ""NJ"", ""zipcode"": ""38422""}"
USR-00066,Edward Love,kwatson@example.org,8876757864,2026-05-30 05:50:31,TNT-0125,"{""street"": ""72886 Sarah Alley"", ""city"": ""East Stacy"", ""state"": ""WV"", ""zipcode"": ""78939""}"
USR-00067,Terry Rivera,jaime06@example.net,6355401086,2026-05-13 11:50:31,TNT-0170,"{""street"": ""190 Ann Park"", ""city"": ""Hernandezville"", ""state"": ""AZ"", ""zipcode"": ""78544""}"
USR-00068,Mary Torres,plee@example.com,6259645347,2026-05-24 08:50:31,TNT-0200,"{""street"": ""27546 Pamela Crest"", ""city"": ""Marshshire"", ""state"": ""SC"", ""zipcode"": ""33163""}"
USR-00069,Kimberly Guerra,michelle86@example.org,8409429394,2026-05-08 14:50:31,TNT-0001,"{""street"": ""8884 Griffith Port"", ""city"": ""Jacobsburgh"", ""state"": ""UT"", ""zipcode"": ""75416""}"
USR-00070,Nicholas Wilkinson,kent10@example.net,8355424237,2026-05-15 04:50:31,TNT-0143,"{""street"": ""58203 Flynn Glens Suite 496"", ""city"": ""New Brianbury"", ""state"": ""MI"", ""zipcode"": ""11578""}"
USR-00071,Stephen Velasquez,david10@example.org,9464594604,2026-05-08 06:50:31,TNT-0080,"{""street"": ""173 John Locks Suite 681"", ""city"": ""Myersmouth"", ""state"": ""HI"", ""zipcode"": ""27256""}"
USR-00072,Kathleen Nelson,amanda51@example.com,8963144450,2026-05-25 00:50:31,TNT-0103,"{""street"": ""94538 Brian Neck Apt. 252"", ""city"": ""Gomezchester"", ""state"": ""KS"", ""zipcode"": ""88302""}"
USR-00073,Joshua Marshall,katherinehudson@example.com,7558780215,2026-05-14 13:50:31,TNT-0065,"{""street"": ""579 Dawn Port"", ""city"": ""Michaeltown"", ""state"": ""NE"", ""zipcode"": ""33800""}"
USR-00074,Joseph Carr,jeremy87@example.com,9522607960,2026-05-20 22:50:31,TNT-0103,"{""street"": ""09780 Hunter Square Apt. 175"", ""city"": ""New Douglas"", ""state"": ""DE"", ""zipcode"": ""87924""}"
USR-00075,Bryan Wallace,ibarramatthew@example.net,6079255144,2026-05-11 22:50:31,TNT-0020,"{""street"": ""7661 Lori Groves Apt. 579"", ""city"": ""Lewisborough"", ""state"": ""PW"", ""zipcode"": ""44705""}"
USR-00076,Lisa Kramer,davidcarpenter@example.com,9861821160,2026-05-15 05:50:31,TNT-0016,"{""street"": ""8361 Bennett Mill Suite 404"", ""city"": ""East Heather"", ""state"": ""OK"", ""zipcode"": ""81810""}"
USR-00077,Vanessa Hoover,lisa39@example.net,9709758970,2026-05-16 03:50:31,TNT-0033,"{""street"": ""1702 Taylor Parks"", ""city"": ""Cruzside"", ""state"": ""HI"", ""zipcode"": ""21371""}"
USR-00078,Christopher Tanner,antonio66@example.com,9059515476,2026-05-19 12:50:31,TNT-0166,"{""street"": ""42042 Frank Burg Apt. 011"", ""city"": ""Castroport"", ""state"": ""OK"", ""zipcode"": ""19362""}"
USR-00079,Matthew Brown,josephduke@example.net,6031375064,2026-05-29 00:50:31,TNT-0025,"{""street"": ""0242 Johnson Mill Suite 419"", ""city"": ""Mcconnellshire"", ""state"": ""NJ"", ""zipcode"": ""82174""}"
USR-00080,Sharon Adams,dscott@example.net,7210038782,2026-05-31 11:50:31,TNT-0174,"{""street"": ""144 Lopez Plaza Suite 267"", ""city"": ""East Christina"", ""state"": ""MN"", ""zipcode"": ""56628""}"
USR-00081,Kimberly Moreno,hdavis@example.com,9601383582,2026-05-31 11:50:31,TNT-0118,"{""street"": ""75513 Baker Drives"", ""city"": ""Nguyenshire"", ""state"": ""NC"", ""zipcode"": ""77085""}"
USR-00082,Evelyn Henderson,joshua25@example.net,8402853243,2026-05-21 23:50:31,TNT-0162,"{""street"": ""8399 Christine Spurs Suite 556"", ""city"": ""Port Andrewborough"", ""state"": ""AR"", ""zipcode"": ""46633""}"
USR-00083,Ryan Jacobson,jrodriguez@example.org,7799011109,2026-05-11 09:50:31,TNT-0083,"{""street"": ""1067 Larson Tunnel"", ""city"": ""Port Kristenfurt"", ""state"": ""DE"", ""zipcode"": ""10519""}"
USR-00084,Andre Higgins,ylove@example.org,6530994782,2026-05-14 05:50:31,TNT-0078,"{""street"": ""472 Phillips Summit"", ""city"": ""Mollyberg"", ""state"": ""MD"", ""zipcode"": ""59132""}"
USR-00085,Abigail Douglas,richardmiller@example.com,6012991059,2026-05-20 20:50:31,TNT-0028,"{""street"": ""1230 Seth Forest"", ""city"": ""Christineburgh"", ""state"": ""NM"", ""zipcode"": ""29222""}"
USR-00086,Brian Nguyen,pjohnson@example.org,7601096176,2026-05-21 11:50:31,TNT-0025,"{""street"": ""9433 Brandy Parks Apt. 819"", ""city"": ""East Christianmouth"", ""state"": ""VA"", ""zipcode"": ""77027""}"
USR-00087,Mr. Tony Kerr,ricejacob@example.com,6250760331,2026-06-04 10:50:31,TNT-0015,"{""street"": ""116 Andrew Ridges Apt. 402"", ""city"": ""Granttown"", ""state"": ""NM"", ""zipcode"": ""01287""}"
USR-00088,Chelsea Carroll,zdalton@example.org,7853142940,2026-05-09 12:50:31,TNT-0156,"{""street"": ""77115 James Lock"", ""city"": ""New Williamborough"", ""state"": ""TX"", ""zipcode"": ""15886""}"
USR-00089,Amy Carter,morrisonkerri@example.com,6012567573,2026-05-24 06:50:31,TNT-0144,"{""street"": ""7153 Judy Grove Apt. 539"", ""city"": ""East Christophermouth"", ""state"": ""IL"", ""zipcode"": ""27799""}"
USR-00090,David Snyder Jr.,dhuff@example.org,6795641707,2026-05-13 12:50:31,TNT-0172,"{""street"": ""1272 Alexander Land"", ""city"": ""North Emily"", ""state"": ""AS"", ""zipcode"": ""09887""}"
USR-00091,Douglas Bishop,jamesross@example.net,7965745052,2026-05-29 15:50:31,TNT-0033,"{""street"": ""58423 Lee Corner Apt. 699"", ""city"": ""Lake Jonathan"", ""state"": ""NC"", ""zipcode"": ""27938""}"
USR-00092,Justin Perez,meyersdaisy@example.net,8017008099,2026-05-29 05:50:31,TNT-0029,"{""street"": ""137 Jennifer Village Suite 051"", ""city"": ""Port Kelly"", ""state"": ""OH"", ""zipcode"": ""65641""}"
USR-00093,Lacey Nielsen,mendezcory@example.net,6358818218,2026-05-23 19:50:31,TNT-0097,"{""street"": ""248 Steven Inlet Suite 931"", ""city"": ""West Michelle"", ""state"": ""DE"", ""zipcode"": ""75774""}"
USR-00094,Paul Anderson,joseph96@example.org,9556575519,2026-05-19 08:50:31,TNT-0196,"{""street"": ""854 Roberts Mountains Apt. 810"", ""city"": ""Phamport"", ""state"": ""SC"", ""zipcode"": ""83086""}"
USR-00095,James Johnson,brownmichael@example.com,9224180806,2026-06-02 16:50:31,TNT-0146,"{""street"": ""796 Nathaniel Trail"", ""city"": ""Lake Christineberg"", ""state"": ""IL"", ""zipcode"": ""54175""}"
USR-00096,Robert Sims,jonathan02@example.net,7284282409,2026-06-03 01:50:31,TNT-0148,"{""street"": ""921 Smith Port"", ""city"": ""Josephburgh"", ""state"": ""GA"", ""zipcode"": ""87667""}"
USR-00097,Sierra White,breannasantos@example.org,9595582610,2026-05-23 00:50:31,TNT-0081,"{""street"": ""232 Crawford Landing"", ""city"": ""Johnsontown"", ""state"": ""UT"", ""zipcode"": ""75116""}"
USR-00098,Courtney Baker,mfields@example.org,7387483903,2026-05-17 21:50:31,TNT-0001,"{""street"": ""857 John Isle"", ""city"": ""Jocelynhaven"", ""state"": ""MH"", ""zipcode"": ""29211""}"
USR-00099,Dakota Dunlap,ndavis@example.org,7779141842,2026-05-08 13:50:31,TNT-0092,"{""street"": ""01029 Michael Park"", ""city"": ""East Kevin"", ""state"": ""OR"", ""zipcode"": ""97959""}"
USR-00100,David Morgan,nataliegarcia@example.net,6419853480,2026-05-29 04:50:31,TNT-0078,"{""street"": ""18408 Cory Motorway Apt. 783"", ""city"": ""Bushside"", ""state"": ""IN"", ""zipcode"": ""76639""}"
USR-00101,Alicia Ward,leekristina@example.com,6432040219,2026-05-19 10:50:31,TNT-0122,"{""street"": ""7075 Mark River Suite 051"", ""city"": ""Vanceberg"", ""state"": ""ND"", ""zipcode"": ""78625""}"
USR-00102,Ryan Murphy,fmeyer@example.com,7744647769,2026-05-06 06:50:31,TNT-0200,"{""street"": ""2691 Smith Locks Suite 912"", ""city"": ""Lake Tammyborough"", ""state"": ""CA"", ""zipcode"": ""41462""}"
USR-00103,Anthony Bradley DDS,glong@example.com,7378661137,2026-05-27 14:50:31,TNT-0017,"{""street"": ""602 Ramos Crossroad"", ""city"": ""East Rachel"", ""state"": ""SD"", ""zipcode"": ""59842""}"
USR-00104,Andrew Anderson,dawnsanchez@example.net,7637300682,2026-06-01 10:50:31,TNT-0058,"{""street"": ""153 Brittany Lakes Suite 935"", ""city"": ""Lisaview"", ""state"": ""IN"", ""zipcode"": ""91078""}"
USR-00105,Madison Pace,jennifer96@example.net,8285864086,2026-05-14 20:50:31,TNT-0049,"{""street"": ""8852 Jones Well Suite 806"", ""city"": ""Markside"", ""state"": ""WY"", ""zipcode"": ""29005""}"
USR-00106,Ashley Jordan,nathan90@example.org,8384019476,2026-05-05 20:50:31,TNT-0180,"{""street"": ""327 Amanda Walks Suite 717"", ""city"": ""West Jared"", ""state"": ""SD"", ""zipcode"": ""85617""}"
USR-00107,Austin Marshall,christine34@example.org,7894411944,2026-05-23 20:50:31,TNT-0164,"{""street"": ""1135 Brittany Burgs"", ""city"": ""West Davidberg"", ""state"": ""IA"", ""zipcode"": ""74025""}"
USR-00108,Richard Reyes,andersonsarah@example.net,7612556073,2026-05-10 23:50:31,TNT-0074,"{""street"": ""1166 Jennifer Fords"", ""city"": ""South Katrinachester"", ""state"": ""MH"", ""zipcode"": ""19924""}"
USR-00109,Amanda Maynard,kimberly81@example.com,9012471740,2026-05-22 18:50:31,TNT-0092,"{""street"": ""23359 Wu Ville"", ""city"": ""East Elizabethfort"", ""state"": ""IN"", ""zipcode"": ""00568""}"
USR-00110,Emily Arnold,bryantariana@example.com,6869131495,2026-05-13 15:50:31,TNT-0127,"{""street"": ""012 Bishop Mountains Suite 106"", ""city"": ""Shawnfurt"", ""state"": ""AS"", ""zipcode"": ""35861""}"
USR-00111,Ryan Morgan,mckinneythomas@example.org,9277024737,2026-05-11 14:50:31,TNT-0142,"{""street"": ""633 Matthews Lock"", ""city"": ""New Mary"", ""state"": ""MT"", ""zipcode"": ""57157""}"
USR-00112,Manuel Shelton,jfuller@example.net,8469964028,2026-05-11 19:50:31,TNT-0047,"{""street"": ""27695 Rachael Ports Apt. 893"", ""city"": ""East Amanda"", ""state"": ""OH"", ""zipcode"": ""54372""}"
USR-00113,Jason Flores,williamrowe@example.com,8886192486,2026-05-28 01:50:31,TNT-0147,"{""street"": ""409 Dean Stream"", ""city"": ""Hallstad"", ""state"": ""AK"", ""zipcode"": ""06699""}"
USR-00114,Shannon Harris,brandongilbert@example.com,7984182284,2026-05-10 14:50:31,TNT-0027,"{""street"": ""1957 Erica Prairie Apt. 851"", ""city"": ""Mistyhaven"", ""state"": ""NE"", ""zipcode"": ""09256""}"
USR-00115,Kyle Payne,erivera@example.com,8409262794,2026-05-22 07:50:31,TNT-0176,"{""street"": ""3396 Beth Village Suite 159"", ""city"": ""Garciamouth"", ""state"": ""ID"", ""zipcode"": ""28378""}"
USR-00116,Brian Jackson,rebecca49@example.org,9055854319,2026-05-05 13:50:31,TNT-0038,"{""street"": ""9313 Lawrence Trail"", ""city"": ""Lake Dustin"", ""state"": ""VI"", ""zipcode"": ""93355""}"
USR-00117,Ashley Vance,jason22@example.org,6623944785,2026-06-05 09:50:31,TNT-0099,"{""street"": ""44984 Howard Hollow Apt. 357"", ""city"": ""Jessicamouth"", ""state"": ""PA"", ""zipcode"": ""15405""}"
USR-00118,Teresa Hill,rodriguezcraig@example.net,6128042260,2026-05-26 21:50:31,TNT-0156,"{""street"": ""4478 Marie Summit"", ""city"": ""Shawnberg"", ""state"": ""PR"", ""zipcode"": ""46933""}"
USR-00119,Meghan Boone,mooremaria@example.com,7980373212,2026-05-25 02:50:31,TNT-0055,"{""street"": ""0850 Stephanie Hills"", ""city"": ""Brewerbury"", ""state"": ""CO"", ""zipcode"": ""86282""}"
USR-00120,Maureen Scott,zodom@example.com,7171993328,2026-05-06 08:50:31,TNT-0010,"{""street"": ""20648 Bonnie Ports Apt. 282"", ""city"": ""Joshuamouth"", ""state"": ""MH"", ""zipcode"": ""73163""}"
USR-00121,Douglas Turner,onorton@example.com,8130733222,2026-06-04 03:50:31,TNT-0022,"{""street"": ""0902 Michael Causeway Apt. 225"", ""city"": ""Lake Tylerfort"", ""state"": ""NJ"", ""zipcode"": ""92558""}"
USR-00122,Logan Sexton,mark47@example.org,9284341435,2026-05-21 16:50:31,TNT-0040,"{""street"": ""808 Michele Corners Apt. 236"", ""city"": ""Tapialand"", ""state"": ""IN"", ""zipcode"": ""29584""}"
USR-00123,Joshua Edwards,meganmendez@example.com,6989519425,2026-06-01 05:50:31,TNT-0136,"{""street"": ""996 Nancy Estate"", ""city"": ""North Jasonborough"", ""state"": ""AR"", ""zipcode"": ""24298""}"
USR-00124,Darius Morgan,johnstondebbie@example.com,8639122064,2026-05-13 15:50:31,TNT-0091,"{""street"": ""923 Thornton Parks"", ""city"": ""North Norman"", ""state"": ""OK"", ""zipcode"": ""89960""}"
USR-00125,Victor Woods,james65@example.com,8691555721,2026-05-09 09:50:31,TNT-0110,"{""street"": ""970 John Bridge Apt. 013"", ""city"": ""Anthonyview"", ""state"": ""AS"", ""zipcode"": ""40575""}"
USR-00126,Christine Greer,ssaunders@example.com,6014260233,2026-06-05 04:50:31,TNT-0130,"{""street"": ""5908 Villanueva Circles Apt. 118"", ""city"": ""Phillipsmouth"", ""state"": ""CO"", ""zipcode"": ""21328""}"
USR-00127,Tina Ferguson,michellemiller@example.net,9600787896,2026-05-27 03:50:31,TNT-0102,"{""street"": ""85063 Joshua Crescent Suite 131"", ""city"": ""Valdezfort"", ""state"": ""CT"", ""zipcode"": ""08137""}"
USR-00128,Kevin Weaver,casejohn@example.net,6192263952,2026-05-26 07:50:31,TNT-0109,"{""street"": ""42512 Doyle Row"", ""city"": ""West Holly"", ""state"": ""MH"", ""zipcode"": ""08305""}"
USR-00129,Henry Perry,rosborne@example.net,7523783890,2026-05-27 23:50:31,TNT-0010,"{""street"": ""1380 Chelsea Port Apt. 960"", ""city"": ""Lake Jessica"", ""state"": ""AR"", ""zipcode"": ""62492""}"
USR-00130,Rebecca Ball,lchaney@example.org,8065995740,2026-06-01 02:50:31,TNT-0053,"{""street"": ""6831 Maurice Manors"", ""city"": ""West Lauraville"", ""state"": ""WV"", ""zipcode"": ""56313""}"
USR-00131,Amanda Kirby,courtney61@example.org,7845456221,2026-05-20 03:50:31,TNT-0022,"{""street"": ""6251 Pope Shores Suite 654"", ""city"": ""West Shelly"", ""state"": ""VA"", ""zipcode"": ""58162""}"
USR-00132,Lori Cruz,thompsonlaura@example.org,9925874507,2026-05-30 01:50:31,TNT-0037,"{""street"": ""49561 Cooke Via Apt. 589"", ""city"": ""West Nicole"", ""state"": ""AK"", ""zipcode"": ""12717""}"
USR-00133,Christine Spence,timothyhunter@example.org,9736880039,2026-05-22 03:50:31,TNT-0060,"{""street"": ""448 Wong Key"", ""city"": ""Sanchezborough"", ""state"": ""ND"", ""zipcode"": ""85638""}"
USR-00134,Elizabeth Garza,melanie74@example.com,7808230439,2026-05-21 03:50:31,TNT-0021,"{""street"": ""767 Pratt Pike Apt. 760"", ""city"": ""Port Rachel"", ""state"": ""WY"", ""zipcode"": ""58689""}"
USR-00135,Cheryl Kidd,pamela66@example.net,7620273189,2026-06-02 13:50:31,TNT-0160,"{""street"": ""066 Jessica Track"", ""city"": ""Ericchester"", ""state"": ""OH"", ""zipcode"": ""77553""}"
USR-00136,Edward Jackson,dbrennan@example.com,6301709520,2026-06-03 04:50:31,TNT-0166,"{""street"": ""7791 Tucker River"", ""city"": ""Virginiaville"", ""state"": ""SD"", ""zipcode"": ""37501""}"
USR-00137,Shirley Hernandez,chavezhector@example.com,6017424825,2026-06-03 02:50:31,TNT-0092,"{""street"": ""426 Michael Row"", ""city"": ""East Brenda"", ""state"": ""RI"", ""zipcode"": ""56045""}"
USR-00138,Dr. Ann Zhang,zachary99@example.net,9548358906,2026-05-25 17:50:31,TNT-0040,"{""street"": ""412 Dustin Crest"", ""city"": ""West Barrymouth"", ""state"": ""AL"", ""zipcode"": ""61755""}"
USR-00139,Micheal Phillips,melvinbaldwin@example.org,7880695906,2026-05-23 21:50:31,TNT-0122,"{""street"": ""81181 Sheila Ridge"", ""city"": ""Kevinchester"", ""state"": ""DE"", ""zipcode"": ""90735""}"
USR-00140,Marc Murphy,annette72@example.net,9527338580,2026-05-30 18:50:31,TNT-0104,"{""street"": ""4401 Armstrong Turnpike Suite 930"", ""city"": ""Hollowayview"", ""state"": ""PA"", ""zipcode"": ""04445""}"
USR-00141,Marie Moyer,lisa58@example.org,8491220782,2026-05-22 18:50:31,TNT-0142,"{""street"": ""18377 Macdonald Grove Apt. 444"", ""city"": ""Lopezshire"", ""state"": ""PA"", ""zipcode"": ""28385""}"
USR-00142,David Nash,lisaosborne@example.net,7820825862,2026-05-11 08:50:31,TNT-0169,"{""street"": ""769 Bradshaw Glen Apt. 514"", ""city"": ""Riveraton"", ""state"": ""MD"", ""zipcode"": ""88652""}"
USR-00143,Barbara Hernandez,phelpsbilly@example.com,6213507530,2026-06-01 23:50:31,TNT-0076,"{""street"": ""481 Kelly Circle Suite 790"", ""city"": ""South Josephville"", ""state"": ""IL"", ""zipcode"": ""27866""}"
USR-00144,Samuel Gonzales,daniel15@example.org,9789386843,2026-05-17 21:50:31,TNT-0175,"{""street"": ""1993 Vanessa Lodge Apt. 401"", ""city"": ""Port Sonya"", ""state"": ""NE"", ""zipcode"": ""40476""}"
USR-00145,Michael Robertson,jacobwhite@example.com,6065568705,2026-05-06 18:50:31,TNT-0034,"{""street"": ""88784 William Mountain"", ""city"": ""Port Joyce"", ""state"": ""PR"", ""zipcode"": ""09899""}"
USR-00146,John Miller,howardkimberly@example.net,6046734880,2026-06-04 12:50:31,TNT-0148,"{""street"": ""61369 Gallegos Cove"", ""city"": ""Angelchester"", ""state"": ""TN"", ""zipcode"": ""58116""}"
USR-00147,Paul Galloway,heatherstark@example.org,7848636510,2026-05-13 12:50:31,TNT-0159,"{""street"": ""971 Berry Pass Apt. 014"", ""city"": ""North Amy"", ""state"": ""CA"", ""zipcode"": ""42266""}"
USR-00148,Justin Barnes,daniel34@example.com,7835525728,2026-05-06 08:50:31,TNT-0064,"{""street"": ""7784 Kristina Freeway Suite 612"", ""city"": ""New Dustinville"", ""state"": ""RI"", ""zipcode"": ""57502""}"
USR-00149,Crystal White,jburns@example.org,8666167848,2026-05-31 21:50:31,TNT-0168,"{""street"": ""098 Leslie Extension"", ""city"": ""West Corey"", ""state"": ""AS"", ""zipcode"": ""33779""}"
USR-00150,Jeffrey Randolph,william13@example.net,6408187661,2026-05-20 12:50:31,TNT-0085,"{""street"": ""620 Elijah Views"", ""city"": ""South Marvinshire"", ""state"": ""OK"", ""zipcode"": ""49526""}"
USR-00151,Kimberly Wilson,christinerussell@example.net,6315958720,2026-05-27 19:50:31,TNT-0186,"{""street"": ""477 Ricky Village Apt. 741"", ""city"": ""Morenoport"", ""state"": ""MP"", ""zipcode"": ""96619""}"
USR-00152,Patrick Newman,jessicaweber@example.com,8091390587,2026-05-29 23:50:31,TNT-0164,"{""street"": ""508 Smith Burg"", ""city"": ""Amandaton"", ""state"": ""AL"", ""zipcode"": ""86118""}"
USR-00153,Steven Collins,jacqueline39@example.net,8217748219,2026-05-27 04:50:31,TNT-0129,"{""street"": ""65353 Bryan Estate Apt. 949"", ""city"": ""West Marissa"", ""state"": ""CT"", ""zipcode"": ""26374""}"
USR-00154,Tanner Baker,millerdonald@example.org,6104800208,2026-06-05 05:50:31,TNT-0173,"{""street"": ""69362 John Canyon Apt. 357"", ""city"": ""Rickport"", ""state"": ""VT"", ""zipcode"": ""85352""}"
USR-00155,Cassandra Villa,ypearson@example.com,6826114277,2026-05-21 06:50:31,TNT-0156,"{""street"": ""879 Arellano Inlet"", ""city"": ""Leslieborough"", ""state"": ""WV"", ""zipcode"": ""63667""}"
USR-00156,Cheryl Dixon,nkelly@example.net,8396755684,2026-06-03 16:50:31,TNT-0027,"{""street"": ""70535 Clark Plain"", ""city"": ""Schaeferchester"", ""state"": ""MH"", ""zipcode"": ""20902""}"
USR-00157,Ryan Waters,anthonyfleming@example.com,7028371550,2026-06-04 13:50:31,TNT-0144,"{""street"": ""6566 Deanna Harbor"", ""city"": ""Jenniferville"", ""state"": ""AS"", ""zipcode"": ""42110""}"
USR-00158,Ashley Lewis,angelahoover@example.net,7621797952,2026-05-23 06:50:31,TNT-0128,"{""street"": ""6837 Julia Gardens Suite 348"", ""city"": ""North Timothy"", ""state"": ""GA"", ""zipcode"": ""41798""}"
USR-00159,David Burgess,tonynorris@example.org,6670739983,2026-05-16 17:50:31,TNT-0018,"{""street"": ""674 Joseph Prairie Suite 975"", ""city"": ""Debramouth"", ""state"": ""AK"", ""zipcode"": ""50376""}"
USR-00160,John Rivas,haysgregory@example.net,6187941580,2026-05-23 21:50:31,TNT-0014,"{""street"": ""43739 Lewis Brook"", ""city"": ""Caseyfort"", ""state"": ""MH"", ""zipcode"": ""76798""}"
USR-00161,Micheal Mcdonald,gtaylor@example.com,6149518649,2026-05-31 05:50:31,TNT-0038,"{""street"": ""23032 York Falls"", ""city"": ""Dianestad"", ""state"": ""IL"", ""zipcode"": ""53831""}"
USR-00162,Kelly King,cindydavenport@example.net,9437772427,2026-05-18 01:50:31,TNT-0156,"{""street"": ""0444 Taylor Manor"", ""city"": ""Lake Tamara"", ""state"": ""ND"", ""zipcode"": ""28188""}"
USR-00163,Tammy Stewart,joanne87@example.org,6143007341,2026-05-15 14:50:31,TNT-0162,"{""street"": ""65281 Brewer Via Suite 044"", ""city"": ""South Johnfurt"", ""state"": ""VA"", ""zipcode"": ""35105""}"
USR-00164,Jaime Williams,ymiddleton@example.org,8665673413,2026-05-08 01:50:31,TNT-0147,"{""street"": ""57860 Charles Mountain Suite 831"", ""city"": ""New Joshua"", ""state"": ""FM"", ""zipcode"": ""31709""}"
USR-00165,Joel Murphy,bettybell@example.net,7336604287,2026-05-09 18:50:31,TNT-0114,"{""street"": ""658 Bell Ways Suite 190"", ""city"": ""Lake Jo"", ""state"": ""MS"", ""zipcode"": ""76185""}"
USR-00166,Gregory Gonzalez,pharris@example.com,7032908307,2026-05-25 23:50:31,TNT-0177,"{""street"": ""335 Cameron Turnpike Apt. 535"", ""city"": ""Deborahhaven"", ""state"": ""VA"", ""zipcode"": ""34685""}"
USR-00167,Stephanie Jenkins,loretta84@example.com,6490856560,2026-06-02 06:50:31,TNT-0128,"{""street"": ""62394 Smith Loop"", ""city"": ""Lisaville"", ""state"": ""VA"", ""zipcode"": ""51137""}"
USR-00168,Jody Smith,amanda00@example.com,9148367620,2026-05-31 06:50:31,TNT-0057,"{""street"": ""983 Darryl Hollow Suite 603"", ""city"": ""Erinburgh"", ""state"": ""ID"", ""zipcode"": ""82986""}"
USR-00169,Yvonne Hines,christopheresparza@example.com,7094044463,2026-05-07 18:50:31,TNT-0061,"{""street"": ""025 Jeffrey Garden Suite 264"", ""city"": ""Manuelton"", ""state"": ""UT"", ""zipcode"": ""62761""}"
USR-00170,Natalie Phillips,moodykenneth@example.com,8486445167,2026-05-25 02:50:31,TNT-0153,"{""street"": ""5237 Bob Islands"", ""city"": ""Lake Jenniferport"", ""state"": ""NV"", ""zipcode"": ""85457""}"
USR-00171,Sarah Beasley,joseph26@example.com,9505813890,2026-05-12 01:50:31,TNT-0078,"{""street"": ""41552 Heather Bridge Suite 282"", ""city"": ""Mirandaburgh"", ""state"": ""WI"", ""zipcode"": ""81523""}"
USR-00172,David Moore,debra47@example.org,8229883124,2026-05-06 16:50:31,TNT-0200,"{""street"": ""519 Todd Turnpike Suite 280"", ""city"": ""West Craig"", ""state"": ""AZ"", ""zipcode"": ""20805""}"
USR-00173,Darlene Cardenas,katherine77@example.org,6270096359,2026-05-23 18:50:31,TNT-0181,"{""street"": ""32565 Warren Springs Apt. 366"", ""city"": ""Brandtmouth"", ""state"": ""IL"", ""zipcode"": ""81488""}"
USR-00174,Jamie Hogan,christine19@example.com,9013740463,2026-05-07 00:50:31,TNT-0044,"{""street"": ""2310 Taylor Bypass"", ""city"": ""Lake Raymond"", ""state"": ""PR"", ""zipcode"": ""97430""}"
USR-00175,Joshua Jordan,kristenyoung@example.net,8505184668,2026-05-18 11:50:31,TNT-0009,"{""street"": ""82431 Garrett Radial Apt. 883"", ""city"": ""Robertsonfurt"", ""state"": ""MH"", ""zipcode"": ""11919""}"
USR-00176,Mark White,crawfordcarla@example.net,7384819777,2026-05-23 15:50:31,TNT-0006,"{""street"": ""903 Torres Glens Suite 401"", ""city"": ""East Stevenland"", ""state"": ""MO"", ""zipcode"": ""99409""}"
USR-00177,Jonathan Daugherty,pachecostephanie@example.net,9792654368,2026-05-28 03:50:31,TNT-0115,"{""street"": ""3195 Taylor Cliffs"", ""city"": ""Brandyport"", ""state"": ""HI"", ""zipcode"": ""91907""}"
USR-00178,Brooke Morrow,popekrystal@example.net,9987531689,2026-05-13 07:50:31,TNT-0104,"{""street"": ""2330 Williams Bridge Apt. 587"", ""city"": ""Villachester"", ""state"": ""NH"", ""zipcode"": ""46570""}"
USR-00179,Ashley Green,smithevan@example.net,8247735621,2026-05-29 17:50:31,TNT-0142,"{""street"": ""0812 Ian Track Apt. 402"", ""city"": ""New Carl"", ""state"": ""GU"", ""zipcode"": ""07955""}"
USR-00180,Holly Avery,owensjennifer@example.com,6362086527,2026-05-09 19:50:31,TNT-0184,"{""street"": ""85250 Waters Fall"", ""city"": ""New Donaldton"", ""state"": ""OK"", ""zipcode"": ""86040""}"
USR-00181,Brenda Swanson MD,mooreyolanda@example.com,8033175113,2026-05-24 22:50:31,TNT-0200,"{""street"": ""5994 Ashley Mountains"", ""city"": ""West Jon"", ""state"": ""NY"", ""zipcode"": ""80101""}"
USR-00182,Matthew Rubio,william14@example.net,9992000786,2026-06-01 04:50:31,TNT-0089,"{""street"": ""0045 Sandra Valley"", ""city"": ""Paulafurt"", ""state"": ""OK"", ""zipcode"": ""29271""}"
USR-00183,Lauren Wright,aaron03@example.net,7210578504,2026-05-29 07:50:31,TNT-0097,"{""street"": ""931 Cook Court Suite 565"", ""city"": ""Daltonview"", ""state"": ""OR"", ""zipcode"": ""09890""}"
USR-00184,Mrs. Pamela Fisher MD,larryburton@example.com,9447835079,2026-05-13 14:50:31,TNT-0096,"{""street"": ""514 James Path Suite 147"", ""city"": ""Baileyport"", ""state"": ""PA"", ""zipcode"": ""58221""}"
USR-00185,Dennis Johnston,acevedoryan@example.net,9331980440,2026-06-04 15:50:31,TNT-0087,"{""street"": ""4257 Kathleen Falls Suite 198"", ""city"": ""Simpsonburgh"", ""state"": ""VT"", ""zipcode"": ""34983""}"
USR-00186,Amy Holden,jenniferdavidson@example.com,9599836209,2026-05-21 13:50:31,TNT-0130,"{""street"": ""375 Richard Rest Apt. 978"", ""city"": ""West Crystalland"", ""state"": ""MO"", ""zipcode"": ""10118""}"
USR-00187,Brandi Graves,mary76@example.net,9199340825,2026-06-03 12:50:31,TNT-0164,"{""street"": ""57932 Amanda Parkway"", ""city"": ""Warrenfort"", ""state"": ""UT"", ""zipcode"": ""99542""}"
USR-00188,Teresa Powell,michele27@example.com,7894376165,2026-05-16 22:50:31,TNT-0042,"{""street"": ""34873 Robert Haven Suite 196"", ""city"": ""Lake Dana"", ""state"": ""CA"", ""zipcode"": ""19571""}"
USR-00189,Kaitlin Landry,ashleymarshall@example.com,7171473666,2026-05-16 21:50:31,TNT-0040,"{""street"": ""0652 Walker Prairie"", ""city"": ""Lake Dawnburgh"", ""state"": ""ME"", ""zipcode"": ""67974""}"
USR-00190,Frederick Weber,lauriephillips@example.org,7838165103,2026-05-30 22:50:31,TNT-0080,"{""street"": ""289 Parsons Cape"", ""city"": ""Wandashire"", ""state"": ""CA"", ""zipcode"": ""54312""}"
USR-00191,Troy Reilly,tray@example.net,8435317045,2026-05-26 04:50:31,TNT-0013,"{""street"": ""157 Jacqueline Neck"", ""city"": ""North William"", ""state"": ""AL"", ""zipcode"": ""71865""}"
USR-00192,Trevor Krause,jeffrey48@example.com,6618776484,2026-05-11 04:50:31,TNT-0126,"{""street"": ""10631 Cruz Village"", ""city"": ""Lake Jamesshire"", ""state"": ""MA"", ""zipcode"": ""49289""}"
USR-00193,Heather Ortega,tina48@example.net,6901106585,2026-05-13 18:50:31,TNT-0062,"{""street"": ""785 Nicholas Manor Suite 802"", ""city"": ""Sandraborough"", ""state"": ""IN"", ""zipcode"": ""21801""}"
USR-00194,Nicole Perez,davidgilmore@example.org,9137981067,2026-05-06 14:50:31,TNT-0132,"{""street"": ""73881 Sherry Stravenue"", ""city"": ""Amymouth"", ""state"": ""ID"", ""zipcode"": ""34954""}"
USR-00195,Christina Hahn,william78@example.com,7933720444,2026-05-28 07:50:31,TNT-0083,"{""street"": ""6298 Ashley Manor Suite 380"", ""city"": ""East Jessica"", ""state"": ""AZ"", ""zipcode"": ""24704""}"
USR-00196,Dustin Duncan,lindahendricks@example.org,8341021663,2026-05-10 20:50:31,TNT-0073,"{""street"": ""030 Justin Plain Suite 249"", ""city"": ""Lake Lindsay"", ""state"": ""WY"", ""zipcode"": ""49298""}"
USR-00197,Angie Stark,joshuaclements@example.com,8681827451,2026-05-29 20:50:31,TNT-0027,"{""street"": ""11081 White Plaza Suite 079"", ""city"": ""Arellanochester"", ""state"": ""AK"", ""zipcode"": ""41233""}"
USR-00198,Erica Nichols,andrew16@example.org,6444443732,2026-05-17 14:50:31,TNT-0099,"{""street"": ""52066 Katherine Vista"", ""city"": ""New Davidland"", ""state"": ""IA"", ""zipcode"": ""35913""}"
USR-00199,Susan Moore,melissaflowers@example.com,6695140417,2026-05-10 15:50:31,TNT-0093,"{""street"": ""7638 Lisa Mission"", ""city"": ""West Jamesmouth"", ""state"": ""DC"", ""zipcode"": ""16983""}"
USR-00200,Alexandra Castillo,bpratt@example.com,6142072025,2026-05-31 08:50:31,TNT-0083,"{""street"": ""6665 Andre Plains"", ""city"": ""Houstonton"", ""state"": ""WY"", ""zipcode"": ""23565""}"
